{"cameraMode":{"drawMode":0,"name":"Shaded","section":"Shading Mode"},"sceneLighting":false,"audioPlay":false,"sceneViewState":{"showFog":true,"showMaterialUpdate":false,"showSkybox":true,"showFlares":true,"showImageEffects":true,"showParticleSystems":true},"in2DMode":false,"pivot":{"x":-5.33414363861084,"y":13.981331825256348,"z":18.62810516357422},"rotation":{"x":-0.06874308735132218,"y":0.9024491906166077,"z":-0.395252525806427,"w":-0.15695615112781526},"size":60.68183135986328,"orthographic":false}