{"cameraMode":{"drawMode":0,"name":"Shaded","section":"Shading Mode"},"sceneLighting":false,"audioPlay":false,"sceneViewState":{"showFog":true,"showMaterialUpdate":false,"showSkybox":true,"showFlares":true,"showImageEffects":true,"showParticleSystems":true},"in2DMode":false,"pivot":{"x":39.59672546386719,"y":-37.07212829589844,"z":31.200321197509767},"rotation":{"x":-0.002636524848639965,"y":0.9843166470527649,"z":-0.17577217519283296,"w":-0.014765219762921334},"size":42.86305236816406,"orthographic":false}