{"cameraMode":{"drawMode":0,"name":"Shaded","section":"Shading Mode"},"sceneLighting":true,"audioPlay":false,"sceneViewState":{"showFog":true,"showMaterialUpdate":false,"showSkybox":true,"showFlares":true,"showImageEffects":true,"showParticleSystems":true},"in2DMode":false,"pivot":{"x":11.875096321105957,"y":6.820895195007324,"z":14.190167427062989},"rotation":{"x":0.319538950920105,"y":-0.3621044456958771,"z":0.1337045282125473,"w":0.8653891682624817},"size":21.566627502441408,"orthographic":false}